{
  "metadata": {
    "nome_struttura": "Mensola RC",
    "data_analisi": "2026-04-16T19:44:05.273214",
    "successo": true,
    "messaggio": "Analisi completata con successo.",
    "max_spostamento": 0.005542327947145899
  },
  "sforzi_aste": {
    "1": {
      "posizioni": [
        0.0,
        0.6,
        1.2,
        1.7999999999999998,
        2.4,
        3.0
      ],
      "N": [
        -0.0,
        0.0,
        0.0,
        0.0,
        0.0,
        0.0
      ],
      "Vy": [
        -19.999999999996433,
        -19.999999999996433,
        -19.99999999999669,
        -19.999999999995865,
        -19.999999999995424,
        -19.999999999998806
      ],
      "Vz": [
        31.03625000000157,
        28.829000000001567,
        26.621750000001438,
        24.41450000000321,
        22.2072500000015,
        20.000000000004007
      ],
      "My": [
        -76.55437500000534,
        -58.5948000000044,
        -41.95957500000339,
        -26.648700000001774,
        -12.662175000001135,
        8.19781575955858e-13
      ],
      "Mz": [
        -59.999999999990564,
        -47.9999999999927,
        -35.999999999994685,
        -23.999999999996994,
        -11.999999999999257,
        2.0463630789890886e-13
      ],
      "T": [
        -0.0,
        -0.0,
        -0.0,
        -0.0,
        -0.0,
        -0.0
      ]
    }
  },
  "spostamenti": {
    "1": {
      "dx": 0.0,
      "dy": 0.0,
      "dz": 0.0,
      "rx": 0.0,
      "ry": 0.0,
      "rz": 0.0
    },
    "2": {
      "dx": 0.0,
      "dy": 0.005083238022619651,
      "dz": -0.002208639916126738,
      "rx": 0.0,
      "ry": 0.0010832825009531887,
      "rz": 0.002541619011309839
    },
    "3": {
      "dx": 0.0,
      "dy": 0.00028466132926669867,
      "dz": -0.000128934784597798,
      "rx": 0.0,
      "ry": 0.00041152405642397175,
      "rz": 0.0009149828440715321
    },
    "4": {
      "dx": 0.0,
      "dy": 0.0010573135087048823,
      "dz": -0.000472726435379371,
      "rx": 0.0,
      "ry": 0.000717535951200968,
      "rz": 0.0016266361672382828
    },
    "5": {
      "dx": 0.0,
      "dy": 0.0021959588257716807,
      "dz": -0.000970491170415626,
      "rx": 0.0,
      "ry": 0.0009261140678612971,
      "rz": 0.0021349599695002514
    },
    "6": {
      "dx": 0.0,
      "dy": 0.003578599567924228,
      "dz": -0.0015661922378956562,
      "rx": 0.0,
      "ry": 0.001045336789935268,
      "rz": 0.0024399542508574405
    }
  },
  "reazioni": {
    "1": [
      0.0,
      0.0,
      0.0,
      0.0,
      0.0,
      0.0
    ]
  }
}