{
  "metadata": {
    "nome_struttura": "Telaio acciaio",
    "data_analisi": "2026-04-17T10:50:38.500429",
    "successo": true,
    "messaggio": "Analisi completata con successo.",
    "max_spostamento": 0.01818163716664115
  },
  "sforzi_aste": {
    "1": {
      "posizioni": [
        0.0,
        0.8,
        1.6,
        2.4000000000000004,
        3.2,
        4.0
      ],
      "N": [
        -21.96514260624871,
        -21.96514260624871,
        -21.96514260624879,
        -21.965142606248623,
        -21.965142606248676,
        -21.96514260624874
      ],
      "Vy": [
        0.0,
        0.0,
        0.0,
        0.0,
        0.0,
        0.0
      ],
      "Vz": [
        60.50534411341695,
        60.50534411341695,
        60.50534411341695,
        60.50534411341697,
        60.50534411341699,
        60.50534411341708
      ],
      "My": [
        26.151076144738592,
        8.578962059739624,
        -8.993152025259395,
        -26.565266110258307,
        -44.137380195257336,
        -61.70949428025643
      ],
      "Mz": [
        -0.0,
        -0.0,
        -0.0,
        -0.0,
        -0.0,
        -0.0
      ],
      "T": [
        0.0,
        -0.0,
        -0.0,
        -0.0,
        -0.0,
        -0.0
      ],
      "sigma_eq": [
        38.206986407317586,
        14.526308799155276,
        15.084482903566705,
        38.76516051172892,
        62.44583811989132,
        86.12651572805382
      ]
    },
    "2": {
      "posizioni": [
        0.0,
        0.8,
        1.6,
        2.4000000000000004,
        3.2,
        4.0
      ],
      "N": [
        26.965142606248126,
        26.965142606248126,
        26.9651426062481,
        26.965142606247994,
        26.965142606248108,
        26.965142606248044
      ],
      "Vy": [
        0.0,
        -0.0,
        -0.0,
        -0.0,
        -0.0,
        -0.0
      ],
      "Vz": [
        62.3778541265833,
        62.3778541265833,
        62.3778541265833,
        62.3778541265833,
        62.377854126583294,
        62.37785412658336
      ],
      "My": [
        -38.661036092070745,
        -17.088922007072245,
        4.4831920779262155,
        26.0553061629246,
        47.62742024792305,
        69.19953433292149
      ],
      "Mz": [
        0.0,
        -0.0,
        -0.0,
        -0.0,
        -0.0,
        -0.0
      ],
      "T": [
        0.0,
        -0.0,
        -0.0,
        -0.0,
        -0.0,
        -0.0
      ],
      "sigma_eq": [
        55.740708024566686,
        26.66951735835967,
        9.681679411046028,
        38.75287007725288,
        67.82406074345984,
        96.89525140966674
      ]
    },
    "3": {
      "posizioni": [
        0.0,
        1.6,
        3.2,
        4.800000000000001,
        6.4,
        8.0
      ],
      "N": [
        -26.965142606248676,
        -26.965142606248676,
        -26.96514260624854,
        -26.96514260624855,
        -26.965142606248264,
        -26.965142606248012
      ],
      "Vy": [
        0.0,
        -0.0,
        -0.0,
        -0.0,
        -0.0,
        -0.0
      ],
      "Vz": [
        60.50534411341691,
        35.928704465416914,
        11.352064817417055,
        -13.224574830582895,
        -37.801214478583425,
        -62.37785412658328
      ],
      "My": [
        -61.70949428025628,
        15.437744582810774,
        53.26236000907803,
        51.764351998545195,
        10.943720551211676,
        -69.19953433292152
      ],
      "Mz": [
        0.0,
        -0.0,
        -0.0,
        -0.0,
        -0.0,
        -0.0
      ],
      "T": [
        0.0,
        -0.0,
        -0.0,
        -0.0,
        -0.0,
        -0.0
      ],
      "sigma_eq": [
        110.56988847578822,
        31.981423320900387,
        96.22317970272877,
        93.67894588604209,
        24.348721870839253,
        123.29105755922328
      ]
    }
  },
  "spostamenti": {
    "1": {
      "dx": 0.0,
      "dy": 0.0,
      "dz": 0.0,
      "rx": 0.0,
      "ry": 0.0,
      "rz": 0.0
    },
    "2": {
      "dx": 0.0,
      "dy": 0.0,
      "dz": 0.0,
      "rx": 0.0,
      "ry": 0.0,
      "rz": 0.0
    },
    "3": {
      "dx": 0.001607154267707695,
      "dy": 0.0,
      "dz": -0.00015557272475937722,
      "rx": 0.0,
      "ry": 0.004556111347560801,
      "rz": 0.0
    },
    "4": {
      "dx": 0.0013876577873963526,
      "dy": 0.0,
      "dz": -0.00016038736533627304,
      "rx": 0.0,
      "ry": -0.003912907425812288,
      "rz": 0.0
    },
    "5": {
      "dx": -0.00041603820864618185,
      "dy": 0.0,
      "dz": -3.111454495187543e-05,
      "rx": 0.0,
      "ry": -0.0008899941530671767,
      "rz": 0.0
    },
    "6": {
      "dx": -0.001183828455230238,
      "dy": 0.0,
      "dz": -6.222908990375086e-05,
      "rx": 0.0,
      "ry": -0.0008793800948446855,
      "rz": 0.0
    },
    "7": {
      "dx": -0.0015828841707204338,
      "dy": 0.0,
      "dz": -9.334363485562628e-05,
      "rx": 0.0,
      "ry": 3.1842174667473455e-05,
      "rz": 0.0
    },
    "8": {
      "dx": -0.0008927187860850345,
      "dy": 0.0,
      "dz": -0.00012445817980750174,
      "rx": 0.0,
      "ry": 0.0018436726554693019,
      "rz": 0.0
    },
    "9": {
      "dx": 0.0006451685603931941,
      "dy": 0.0,
      "dz": -3.2077473067254604e-05,
      "rx": 0.0,
      "ry": 0.0014286519482025661,
      "rz": 0.0
    },
    "10": {
      "dx": 0.0019910119926754358,
      "dy": 0.0,
      "dz": -6.415494613450921e-05,
      "rx": 0.0,
      "ry": 0.001751687179722619,
      "rz": 0.0
    },
    "11": {
      "dx": 0.003153036923500715,
      "dy": 0.0,
      "dz": -9.62324192017638e-05,
      "rx": 0.0,
      "ry": 0.0009691056945601608,
      "rz": 0.0
    },
    "12": {
      "dx": 0.0032467499795230236,
      "dy": 0.0,
      "dz": -0.00012830989226901842,
      "rx": 0.0,
      "ry": -0.0009190925072848081,
      "rz": 0.0
    },
    "13": {
      "dx": 0.001563254971645426,
      "dy": 0.0,
      "dz": -0.010137467998762717,
      "rx": 0.0,
      "ry": 0.0065987401833846925,
      "rz": 0.0
    },
    "14": {
      "dx": 0.0015193556755831574,
      "dy": 0.0,
      "dz": -0.01811804317222089,
      "rx": 0.0,
      "ry": 0.002728560007890765,
      "rz": 0.0
    },
    "15": {
      "dx": 0.0014754563795208887,
      "dy": 0.0,
      "dz": -0.017872477999880232,
      "rx": 0.0,
      "ry": -0.0030098364628524236,
      "rz": 0.0
    },
    "16": {
      "dx": 0.0014315570834586204,
      "dy": 0.0,
      "dz": -0.009647300582196764,
      "rx": 0.0,
      "ry": -0.0065718565127763015,
      "rz": 0.0
    }
  },
  "reazioni": {
    "1": [
      0.0,
      0.0,
      0.0,
      0.0,
      0.0,
      0.0
    ],
    "2": [
      0.0,
      0.0,
      0.0,
      0.0,
      0.0,
      0.0
    ]
  }
}