{
  "metadata": {
    "nome_struttura": "Trave continua 3 appoggi",
    "data_analisi": "2026-04-16T20:21:04.807318",
    "successo": true,
    "messaggio": "Analisi completata con successo.",
    "max_spostamento": 0.0006409025924513965
  },
  "sforzi_aste": {
    "1": {
      "posizioni": [
        0.0,
        1.0,
        2.0,
        3.0,
        4.0,
        5.0
      ],
      "N": [
        -0.0,
        0.0,
        0.0,
        0.0,
        0.0,
        0.0
      ],
      "Vy": [
        0.0,
        -0.0,
        -0.0,
        -0.0,
        -0.0,
        -0.0
      ],
      "Vz": [
        35.022656250000075,
        16.343906250000078,
        -2.3348437500000108,
        -21.013593749999785,
        -39.69234374999997,
        -58.371093749999964
      ],
      "My": [
        -1.4551915228366852e-14,
        25.68328125000006,
        32.687812500000085,
        21.013593750000318,
        -9.339374999999716,
        -58.37109374999981
      ],
      "Mz": [
        0.0,
        -0.0,
        -0.0,
        -0.0,
        -0.0,
        -0.0
      ],
      "T": [
        0.0,
        -0.0,
        -0.0,
        -0.0,
        -0.0,
        -0.0
      ]
    },
    "2": {
      "posizioni": [
        0.0,
        1.0,
        2.0,
        3.0,
        4.0,
        5.0
      ],
      "N": [
        -0.0,
        0.0,
        0.0,
        0.0,
        0.0,
        0.0
      ],
      "Vy": [
        0.0,
        -0.0,
        -0.0,
        -0.0,
        -0.0,
        -0.0
      ],
      "Vz": [
        58.371093749999694,
        39.692343749999694,
        21.013593749999774,
        2.3348437500001635,
        -16.343906249999886,
        -35.0226562499997
      ],
      "My": [
        -58.371093749999815,
        -9.339375000000123,
        21.01359374999961,
        32.68781249999968,
        25.683281249999734,
        1.4551915228366852e-14
      ],
      "Mz": [
        0.0,
        -0.0,
        -0.0,
        -0.0,
        -0.0,
        -0.0
      ],
      "T": [
        0.0,
        -0.0,
        -0.0,
        -0.0,
        -0.0,
        -0.0
      ]
    }
  },
  "spostamenti": {
    "1": {
      "dx": 0.0,
      "dy": 0.0,
      "dz": 0.0,
      "rx": 0.0,
      "ry": 0.0004945236052865704,
      "rz": 0.0
    },
    "2": {
      "dx": 0.0,
      "dy": 0.0,
      "dz": 0.0,
      "rx": 0.0,
      "ry": -4.843558071285064e-18,
      "rz": 0.0
    },
    "3": {
      "dx": 0.0,
      "dy": 0.0,
      "dz": 0.0,
      "rx": 0.0,
      "ry": -0.0004945236052865612,
      "rz": 0.0
    },
    "4": {
      "dx": 0.0,
      "dy": 0.0,
      "dz": -0.0004430931503367673,
      "rx": 0.0,
      "ry": 0.00034814461812174616,
      "rz": 0.0
    },
    "5": {
      "dx": 0.0,
      "dy": 0.0,
      "dz": -0.0006409025924513965,
      "rx": 0.0,
      "ry": 3.560569958063455e-05,
      "rz": 0.0
    },
    "6": {
      "dx": 0.0,
      "dy": 0.0,
      "dz": -0.0005222169271826211,
      "rx": 0.0,
      "ry": -0.000253196085906723,
      "rz": 0.0
    },
    "7": {
      "dx": 0.0,
      "dy": 0.0,
      "dz": -0.00020572181979921608,
      "rx": 0.0,
      "ry": -0.000328363673910284,
      "rz": 0.0
    },
    "8": {
      "dx": 0.0,
      "dy": 0.0,
      "dz": -0.00020572181979920684,
      "rx": 0.0,
      "ry": 0.0003283636739102757,
      "rz": 0.0
    },
    "9": {
      "dx": 0.0,
      "dy": 0.0,
      "dz": -0.0005222169271826061,
      "rx": 0.0,
      "ry": 0.00025319608590672023,
      "rz": 0.0
    },
    "10": {
      "dx": 0.0,
      "dy": 0.0,
      "dz": -0.0006409025924513822,
      "rx": 0.0,
      "ry": -3.560569958063112e-05,
      "rz": 0.0
    },
    "11": {
      "dx": 0.0,
      "dy": 0.0,
      "dz": -0.0004430931503367586,
      "rx": 0.0,
      "ry": -0.0003481446181217386,
      "rz": 0.0
    }
  },
  "reazioni": {
    "1": [
      0.0,
      0.0,
      0.0,
      0.0,
      0.0,
      0.0
    ],
    "2": [
      0.0,
      0.0,
      0.0,
      0.0,
      0.0,
      0.0
    ],
    "3": [
      0.0,
      0.0,
      0.0,
      0.0,
      0.0,
      0.0
    ]
  }
}